Channel,Time,Phase,ADC,TOT,ToA
1,12.5,7,98,0,0
1,14.0625,7,97,0,0
1,37.5,7,95,0,0
1,39.0625,7,97,0,0
1,62.5,7,95,0,0
1,64.0625,7,97,0,0
1,87.5,7,153,0,0
1,89.0625,7,166,0,0
1,112.5,7,138,0,768
1,114.0625,7,138,0,682
1,137.5,7,114,0,0
1,139.0625,7,113,0,0
1,162.5,7,109,0,0
1,164.0625,7,106,0,0
1,187.5,7,104,0,0
1,189.0625,7,104,0,0
1,212.5,7,102,0,0
1,214.0625,7,102,0,0
1,237.5,7,100,0,0
1,239.0625,7,100,0,0
2,12.5,7,100,0,0
2,14.0625,7,100,0,0
2,37.5,7,100,0,0
2,39.0625,7,100,0,0
2,62.5,7,101,0,0
2,64.0625,7,98,0,0
2,87.5,7,157,0,0
2,89.0625,7,166,0,0
2,112.5,7,144,0,768
2,114.0625,7,138,0,698
2,137.5,7,118,0,0
2,139.0625,7,117,0,0
2,162.5,7,112,0,0
2,164.0625,7,110,0,0
2,187.5,7,108,0,0
2,189.0625,7,106,0,0
2,212.5,7,107,0,0
2,214.0625,7,107,0,0
2,237.5,7,104,0,0
2,239.0625,7,105,0,0
3,12.5,7,98,0,0
3,14.0625,7,100,0,0
3,37.5,7,100,0,0
3,39.0625,7,98,0,0
3,62.5,7,100,0,0
3,64.0625,7,99,0,0
3,87.5,7,158,0,0
3,89.0625,7,166,0,0
3,112.5,7,143,0,768
3,114.0625,7,139,0,731
3,137.5,7,118,0,0
3,139.0625,7,114,0,0
3,162.5,7,110,0,0
3,164.0625,7,109,0,0
3,187.5,7,108,0,0
3,189.0625,7,106,0,0
3,212.5,7,106,0,0
3,214.0625,7,104,0,0
3,237.5,7,104,0,0
3,239.0625,7,102,0,0
4,12.5,7,98,0,0
4,14.0625,7,100,0,0
4,37.5,7,98,0,0
4,39.0625,7,98,0,0
4,62.5,7,99,0,0
4,64.0625,7,98,0,0
4,87.5,7,157,0,0
4,89.0625,7,166,0,0
4,112.5,7,144,0,768
4,114.0625,7,138,0,674
4,137.5,7,118,0,0
4,139.0625,7,116,0,0
4,162.5,7,109,0,0
4,164.0625,7,108,0,0
4,187.5,7,107,0,0
4,189.0625,7,106,0,0
4,212.5,7,105,0,0
4,214.0625,7,104,0,0
4,237.5,7,105,0,0
4,239.0625,7,101,0,0
5,12.5,7,99,0,0
5,14.0625,7,99,0,0
5,37.5,7,101,0,0
5,39.0625,7,100,0,0
5,62.5,7,100,0,0
5,64.0625,7,98,0,0
5,87.5,7,157,0,0
5,89.0625,7,167,0,0
5,112.5,7,142,0,768
5,114.0625,7,140,0,721
5,137.5,7,117,0,0
5,139.0625,7,118,0,0
5,162.5,7,110,0,0
5,164.0625,7,110,0,0
5,187.5,7,107,0,0
5,189.0625,7,108,0,0
5,212.5,7,106,0,0
5,214.0625,7,106,0,0
5,237.5,7,106,0,0
5,239.0625,7,104,0,0
6,12.5,7,102,0,0
6,14.0625,7,103,0,0
6,37.5,7,101,0,0
6,39.0625,7,101,0,0
6,62.5,7,102,0,0
6,64.0625,7,100,0,0
6,87.5,7,156,0,0
6,89.0625,7,168,0,0
6,112.5,7,144,0,768
6,114.0625,7,140,0,713
6,137.5,7,118,0,0
6,139.0625,7,118,0,0
6,162.5,7,112,0,0
6,164.0625,7,111,0,0
6,187.5,7,110,0,0
6,189.0625,7,110,0,0
6,212.5,7,108,0,0
6,214.0625,7,107,0,0
6,237.5,7,106,0,0
6,239.0625,7,107,0,0
7,12.5,7,101,0,0
7,14.0625,7,100,0,0
7,37.5,7,100,0,0
7,39.0625,7,100,0,0
7,62.5,7,100,0,0
7,64.0625,7,101,0,0
7,87.5,7,157,0,0
7,89.0625,7,168,0,0
7,112.5,7,142,0,768
7,114.0625,7,139,0,716
7,137.5,7,118,0,0
7,139.0625,7,117,0,0
7,162.5,7,111,0,0
7,164.0625,7,110,0,0
7,187.5,7,108,0,0
7,189.0625,7,108,0,0
7,212.5,7,106,0,0
7,214.0625,7,107,0,0
7,237.5,7,105,0,0
7,239.0625,7,104,0,0
8,12.5,7,100,0,0
8,14.0625,7,99,0,0
8,37.5,7,100,0,0
8,39.0625,7,100,0,0
8,62.5,7,100,0,0
8,64.0625,7,100,0,0
8,87.5,7,154,0,0
8,89.0625,7,166,0,0
8,112.5,7,142,0,768
8,114.0625,7,139,0,699
8,137.5,7,116,0,0
8,139.0625,7,117,0,0
8,162.5,7,110,0,0
8,164.0625,7,110,0,0
8,187.5,7,108,0,0
8,189.0625,7,108,0,0
8,212.5,7,106,0,0
8,214.0625,7,105,0,0
8,237.5,7,104,0,0
8,239.0625,7,105,0,0
9,12.5,7,97,0,0
9,14.0625,7,97,0,0
9,37.5,7,95,0,0
9,39.0625,7,97,0,0
9,62.5,7,95,0,0
9,64.0625,7,96,0,0
9,87.5,7,171,0,0
9,89.0625,7,180,0,0
9,112.5,7,138,0,690
9,114.0625,7,136,0,594
9,137.5,7,114,0,0
9,139.0625,7,111,0,0
9,162.5,7,108,0,0
9,164.0625,7,108,0,0
9,187.5,7,105,0,0
9,189.0625,7,105,0,0
9,212.5,7,104,0,0
9,214.0625,7,102,0,0
9,237.5,7,100,0,0
9,239.0625,7,102,0,0
10,12.5,7,98,0,0
10,14.0625,7,100,0,0
10,37.5,7,100,0,0
10,39.0625,7,98,0,0
10,62.5,7,98,0,0
10,64.0625,7,100,0,0
10,87.5,7,157,0,0
10,89.0625,7,168,0,0
10,112.5,7,142,0,768
10,114.0625,7,138,0,691
10,137.5,7,118,0,0
10,139.0625,7,115,0,0
10,162.5,7,110,0,0
10,164.0625,7,110,0,0
10,187.5,7,107,0,0
10,189.0625,7,104,0,0
10,212.5,7,105,0,0
10,214.0625,7,105,0,0
10,237.5,7,104,0,0
10,239.0625,7,104,0,0
11,12.5,7,98,0,0
11,14.0625,7,96,0,0
11,37.5,7,98,0,0
11,39.0625,7,98,0,0
11,62.5,7,98,0,0
11,64.0625,7,100,0,0
11,87.5,7,156,0,0
11,89.0625,7,166,0,0
11,112.5,7,142,0,768
11,114.0625,7,137,0,728
11,137.5,7,116,0,0
11,139.0625,7,114,0,0
11,162.5,7,108,0,0
11,164.0625,7,109,0,0
11,187.5,7,107,0,0
11,189.0625,7,106,0,0
11,212.5,7,107,0,0
11,214.0625,7,105,0,0
11,237.5,7,106,0,0
11,239.0625,7,102,0,0
12,12.5,7,101,0,0
12,14.0625,7,100,0,0
12,37.5,7,102,0,0
12,39.0625,7,98,0,0
12,62.5,7,102,0,0
12,64.0625,7,99,0,0
12,87.5,7,157,0,0
12,89.0625,7,166,0,0
12,112.5,7,142,0,768
12,114.0625,7,140,0,700
12,137.5,7,118,0,0
12,139.0625,7,116,0,0
12,162.5,7,110,0,0
12,164.0625,7,111,0,0
12,187.5,7,109,0,0
12,189.0625,7,109,0,0
12,212.5,7,108,0,0
12,214.0625,7,106,0,0
12,237.5,7,106,0,0
12,239.0625,7,106,0,0
13,12.5,7,98,0,0
13,14.0625,7,97,0,0
13,37.5,7,97,0,0
13,39.0625,7,96,0,0
13,62.5,7,97,0,0
13,64.0625,7,98,0,0
13,87.5,7,157,0,0
13,89.0625,7,166,0,0
13,112.5,7,140,0,768
13,114.0625,7,136,0,709
13,137.5,7,116,0,0
13,139.0625,7,114,0,0
13,162.5,7,108,0,0
13,164.0625,7,108,0,0
13,187.5,7,105,0,0
13,189.0625,7,105,0,0
13,212.5,7,104,0,0
13,214.0625,7,103,0,0
13,237.5,7,101,0,0
13,239.0625,7,102,0,0
14,12.5,7,101,0,0
14,14.0625,7,100,0,0
14,37.5,7,102,0,0
14,39.0625,7,98,0,0
14,62.5,7,102,0,0
14,64.0625,7,99,0,0
14,87.5,7,157,0,0
14,89.0625,7,166,0,0
14,112.5,7,143,0,768
14,114.0625,7,139,0,714
14,137.5,7,118,0,0
14,139.0625,7,116,0,0
14,162.5,7,112,0,0
14,164.0625,7,110,0,0
14,187.5,7,110,0,0
14,189.0625,7,106,0,0
14,212.5,7,107,0,0
14,214.0625,7,106,0,0
14,237.5,7,105,0,0
14,239.0625,7,105,0,0
15,12.5,7,104,0,0
15,14.0625,7,104,0,0
15,37.5,7,104,0,0
15,39.0625,7,104,0,0
15,62.5,7,102,0,0
15,64.0625,7,104,0,0
15,87.5,7,165,0,0
15,89.0625,7,177,0,0
15,112.5,7,148,0,768
15,114.0625,7,144,0,698
15,137.5,7,122,0,0
15,139.0625,7,122,0,0
15,162.5,7,113,0,0
15,164.0625,7,114,0,0
15,187.5,7,111,0,0
15,189.0625,7,111,0,0
15,212.5,7,109,0,0
15,214.0625,7,108,0,0
15,237.5,7,106,0,0
15,239.0625,7,107,0,0
16,12.5,7,100,0,0
16,14.0625,7,99,0,0
16,37.5,7,99,0,0
16,39.0625,7,100,0,0
16,62.5,7,99,0,0
16,64.0625,7,98,0,0
16,87.5,7,156,0,0
16,89.0625,7,166,0,0
16,112.5,7,143,0,768
16,114.0625,7,140,0,712
16,137.5,7,118,0,0
16,139.0625,7,116,0,0
16,162.5,7,109,0,0
16,164.0625,7,110,0,0
16,187.5,7,108,0,0
16,189.0625,7,106,0,0
16,212.5,7,104,0,0
16,214.0625,7,106,0,0
16,237.5,7,103,0,0
16,239.0625,7,104,0,0
17,12.5,7,117,0,0
17,14.0625,7,118,0,0
17,37.5,7,117,0,0
17,39.0625,7,119,0,0
17,62.5,7,118,0,0
17,64.0625,7,119,0,0
17,87.5,7,175,0,0
17,89.0625,7,187,0,0
17,112.5,7,162,0,768
17,114.0625,7,159,0,718
17,137.5,7,136,0,0
17,139.0625,7,136,0,0
17,162.5,7,129,0,0
17,164.0625,7,130,0,0
17,187.5,7,125,0,0
17,189.0625,7,127,0,0
17,212.5,7,125,0,0
17,214.0625,7,126,0,0
17,237.5,7,124,0,0
17,239.0625,7,124,0,0
18,12.5,7,100,0,0
18,14.0625,7,101,0,0
18,37.5,7,101,0,0
18,39.0625,7,101,0,0
18,62.5,7,100,0,0
18,64.0625,7,101,0,0
18,87.5,7,173,0,0
18,89.0625,7,182,0,0
18,112.5,7,140,0,699
18,114.0625,7,140,0,605
18,137.5,7,117,0,0
18,139.0625,7,116,0,0
18,162.5,7,110,0,0
18,164.0625,7,109,0,0
18,187.5,7,109,0,0
18,189.0625,7,109,0,0
18,212.5,7,105,0,0
18,214.0625,7,105,0,0
18,237.5,7,105,0,0
18,239.0625,7,105,0,0
19,12.5,7,121,0,0
19,14.0625,7,123,0,0
19,37.5,7,122,0,0
19,39.0625,7,123,0,0
19,62.5,7,123,0,0
19,64.0625,7,124,0,0
19,87.5,7,248,0,0
19,89.0625,7,261,0,0
19,112.5,7,178,0,674
19,114.0625,7,174,0,577
19,137.5,7,136,0,0
19,139.0625,7,136,0,0
19,162.5,7,126,0,0
19,164.0625,7,126,0,0
19,187.5,7,122,0,0
19,189.0625,7,123,0,0
19,212.5,7,123,0,0
19,214.0625,7,124,0,0
19,237.5,7,122,0,0
19,239.0625,7,124,0,0
20,12.5,7,101,0,0
20,14.0625,7,101,0,0
20,37.5,7,102,0,0
20,39.0625,7,101,0,0
20,62.5,7,104,0,0
20,64.0625,7,102,0,0
20,87.5,7,155,0,0
20,89.0625,7,165,0,0
20,112.5,7,141,0,768
20,114.0625,7,141,0,733
20,137.5,7,118,0,0
20,139.0625,7,119,0,0
20,162.5,7,111,0,0
20,164.0625,7,113,0,0
20,187.5,7,109,0,0
20,189.0625,7,109,0,0
20,212.5,7,107,0,0
20,214.0625,7,109,0,0
20,237.5,7,106,0,0
20,239.0625,7,108,0,0
21,12.5,7,98,0,0
21,14.0625,7,98,0,0
21,37.5,7,98,0,0
21,39.0625,7,97,0,0
21,62.5,7,99,0,0
21,64.0625,7,99,0,0
21,87.5,7,157,0,0
21,89.0625,7,164,0,0
21,112.5,7,142,0,768
21,114.0625,7,138,0,737
21,137.5,7,116,0,0
21,139.0625,7,117,0,0
21,162.5,7,110,0,0
21,164.0625,7,109,0,0
21,187.5,7,107,0,0
21,189.0625,7,106,0,0
21,212.5,7,106,0,0
21,214.0625,7,102,0,0
21,237.5,7,101,0,0
21,239.0625,7,102,0,0
22,12.5,7,101,0,0
22,14.0625,7,100,0,0
22,37.5,7,101,0,0
22,39.0625,7,100,0,0
22,62.5,7,101,0,0
22,64.0625,7,101,0,0
22,87.5,7,154,0,0
22,89.0625,7,167,0,0
22,112.5,7,143,0,768
22,114.0625,7,141,0,722
22,137.5,7,117,0,0
22,139.0625,7,118,0,0
22,162.5,7,111,0,0
22,164.0625,7,112,0,0
22,187.5,7,110,0,0
22,189.0625,7,109,0,0
22,212.5,7,108,0,0
22,214.0625,7,106,0,0
22,237.5,7,106,0,0
22,239.0625,7,104,0,0
23,12.5,7,99,0,0
23,14.0625,7,100,0,0
23,37.5,7,99,0,0
23,39.0625,7,100,0,0
23,62.5,7,98,0,0
23,64.0625,7,100,0,0
23,87.5,7,152,0,0
23,89.0625,7,165,0,0
23,112.5,7,141,0,768
23,114.0625,7,138,0,725
23,137.5,7,116,0,0
23,139.0625,7,115,0,0
23,162.5,7,110,0,0
23,164.0625,7,109,0,0
23,187.5,7,107,0,0
23,189.0625,7,107,0,0
23,212.5,7,104,0,0
23,214.0625,7,104,0,0
23,237.5,7,104,0,0
23,239.0625,7,102,0,0
24,12.5,7,103,0,0
24,14.0625,7,104,0,0
24,37.5,7,106,0,0
24,39.0625,7,104,0,0
24,62.5,7,105,0,0
24,64.0625,7,105,0,0
24,87.5,7,159,0,0
24,89.0625,7,168,0,0
24,112.5,7,146,0,768
24,114.0625,7,143,0,733
24,137.5,7,121,0,0
24,139.0625,7,121,0,0
24,162.5,7,115,0,0
24,164.0625,7,114,0,0
24,187.5,7,111,0,0
24,189.0625,7,111,0,0
24,212.5,7,109,0,0
24,214.0625,7,111,0,0
24,237.5,7,108,0,0
24,239.0625,7,109,0,0
25,12.5,7,103,0,0
25,14.0625,7,102,0,0
25,37.5,7,101,0,0
25,39.0625,7,103,0,0
25,62.5,7,102,0,0
25,64.0625,7,101,0,0
25,87.5,7,157,0,0
25,89.0625,7,167,0,0
25,112.5,7,145,0,768
25,114.0625,7,140,0,750
25,137.5,7,119,0,0
25,139.0625,7,119,0,0
25,162.5,7,111,0,0
25,164.0625,7,111,0,0
25,187.5,7,109,0,0
25,189.0625,7,110,0,0
25,212.5,7,109,0,0
25,214.0625,7,108,0,0
25,237.5,7,106,0,0
25,239.0625,7,106,0,0
26,12.5,7,95,0,0
26,14.0625,7,97,0,0
26,37.5,7,97,0,0
26,39.0625,7,98,0,0
26,62.5,7,100,0,0
26,64.0625,7,99,0,0
26,87.5,7,159,0,0
26,89.0625,7,171,0,0
26,112.5,7,143,0,768
26,114.0625,7,141,0,747
26,137.5,7,119,0,0
26,139.0625,7,114,0,0
26,162.5,7,111,0,0
26,164.0625,7,110,0,0
26,187.5,7,106,0,0
26,189.0625,7,106,0,0
26,212.5,7,107,0,0
26,214.0625,7,104,0,0
26,237.5,7,106,0,0
26,239.0625,7,104,0,0
27,12.5,7,103,0,0
27,14.0625,7,103,0,0
27,37.5,7,103,0,0
27,39.0625,7,102,0,0
27,62.5,7,103,0,0
27,64.0625,7,104,0,0
27,87.5,7,155,0,0
27,89.0625,7,165,0,0
27,112.5,7,143,0,768
27,114.0625,7,141,0,737
27,137.5,7,119,0,0
27,139.0625,7,119,0,0
27,162.5,7,113,0,0
27,164.0625,7,111,0,0
27,187.5,7,110,0,0
27,189.0625,7,111,0,0
27,212.5,7,108,0,0
27,214.0625,7,110,0,0
27,237.5,7,106,0,0
27,239.0625,7,108,0,0
28,12.5,7,100,0,0
28,14.0625,7,102,0,0
28,37.5,7,101,0,0
28,39.0625,7,99,0,0
28,62.5,7,99,0,0
28,64.0625,7,101,0,0
28,87.5,7,171,0,0
28,89.0625,7,180,0,0
28,112.5,7,138,0,722
28,114.0625,7,139,0,624
28,137.5,7,116,0,0
28,139.0625,7,116,0,0
28,162.5,7,111,0,0
28,164.0625,7,111,0,0
28,187.5,7,106,0,0
28,189.0625,7,107,0,0
28,212.5,7,107,0,0
28,214.0625,7,107,0,0
28,237.5,7,104,0,0
28,239.0625,7,104,0,0
29,12.5,7,98,0,0
29,14.0625,7,101,0,0
29,37.5,7,99,0,0
29,39.0625,7,100,0,0
29,62.5,7,98,0,0
29,64.0625,7,100,0,0
29,87.5,7,157,0,0
29,89.0625,7,168,0,0
29,112.5,7,142,0,768
29,114.0625,7,140,0,733
29,137.5,7,116,0,0
29,139.0625,7,118,0,0
29,162.5,7,111,0,0
29,164.0625,7,110,0,0
29,187.5,7,106,0,0
29,189.0625,7,108,0,0
29,212.5,7,106,0,0
29,214.0625,7,105,0,0
29,237.5,7,105,0,0
29,239.0625,7,104,0,0
30,12.5,7,103,0,0
30,14.0625,7,105,0,0
30,37.5,7,103,0,0
30,39.0625,7,103,0,0
30,62.5,7,102,0,0
30,64.0625,7,104,0,0
30,87.5,7,156,0,0
30,89.0625,7,168,0,0
30,112.5,7,143,0,784
30,114.0625,7,140,0,762
30,137.5,7,119,0,0
30,139.0625,7,119,0,0
30,162.5,7,114,0,0
30,164.0625,7,113,0,0
30,187.5,7,111,0,0
30,189.0625,7,111,0,0
30,212.5,7,111,0,0
30,214.0625,7,110,0,0
30,237.5,7,108,0,0
30,239.0625,7,109,0,0
31,12.5,7,105,0,0
31,14.0625,7,102,0,0
31,37.5,7,104,0,0
31,39.0625,7,102,0,0
31,62.5,7,104,0,0
31,64.0625,7,105,0,0
31,87.5,7,155,0,0
31,89.0625,7,165,0,0
31,112.5,7,144,0,776
31,114.0625,7,141,0,741
31,137.5,7,119,0,0
31,139.0625,7,119,0,0
31,162.5,7,111,0,0
31,164.0625,7,113,0,0
31,187.5,7,110,0,0
31,189.0625,7,110,0,0
31,212.5,7,109,0,0
31,214.0625,7,109,0,0
31,237.5,7,109,0,0
31,239.0625,7,106,0,0
32,12.5,7,104,0,0
32,14.0625,7,105,0,0
32,37.5,7,104,0,0
32,39.0625,7,105,0,0
32,62.5,7,104,0,0
32,64.0625,7,105,0,0
32,87.5,7,161,0,0
32,89.0625,7,171,0,0
32,112.5,7,147,0,768
32,114.0625,7,142,0,740
32,137.5,7,120,0,0
32,139.0625,7,120,0,0
32,162.5,7,113,0,0
32,164.0625,7,114,0,0
32,187.5,7,111,0,0
32,189.0625,7,111,0,0
32,212.5,7,110,0,0
32,214.0625,7,109,0,0
32,237.5,7,109,0,0
32,239.0625,7,108,0,0
33,12.5,7,100,0,0
33,14.0625,7,102,0,0
33,37.5,7,103,0,0
33,39.0625,7,102,0,0
33,62.5,7,102,0,0
33,64.0625,7,103,0,0
33,87.5,7,156,0,0
33,89.0625,7,166,0,0
33,112.5,7,141,0,784
33,114.0625,7,141,0,757
33,137.5,7,119,0,0
33,139.0625,7,117,0,0
33,162.5,7,111,0,0
33,164.0625,7,112,0,0
33,187.5,7,111,0,0
33,189.0625,7,110,0,0
33,212.5,7,109,0,0
33,214.0625,7,108,0,0
33,237.5,7,108,0,0
33,239.0625,7,106,0,0
34,12.5,7,99,0,0
34,14.0625,7,101,0,0
34,37.5,7,99,0,0
34,39.0625,7,101,0,0
34,62.5,7,102,0,0
34,64.0625,7,102,0,0
34,87.5,7,156,0,0
34,89.0625,7,167,0,0
34,112.5,7,143,0,890
34,114.0625,7,140,0,787
34,137.5,7,118,0,0
34,139.0625,7,118,0,0
34,162.5,7,111,0,0
34,164.0625,7,111,0,0
34,187.5,7,108,0,0
34,189.0625,7,110,0,0
34,212.5,7,107,0,0
34,214.0625,7,108,0,0
34,237.5,7,105,0,0
34,239.0625,7,106,0,0
35,12.5,7,104,0,0
35,14.0625,7,104,0,0
35,37.5,7,105,0,0
35,39.0625,7,104,0,0
35,62.5,7,104,0,0
35,64.0625,7,104,0,0
35,87.5,7,157,0,0
35,89.0625,7,167,0,0
35,112.5,7,144,0,901
35,114.0625,7,140,0,796
35,137.5,7,120,0,0
35,139.0625,7,118,0,0
35,162.5,7,114,0,0
35,164.0625,7,113,0,0
35,187.5,7,111,0,0
35,189.0625,7,109,0,0
35,212.5,7,108,0,0
35,214.0625,7,109,0,0
35,237.5,7,108,0,0
35,239.0625,7,106,0,0
36,12.5,7,101,0,0
36,14.0625,7,101,0,0
36,37.5,7,103,0,0
36,39.0625,7,102,0,0
36,62.5,7,101,0,0
36,64.0625,7,101,0,0
36,87.5,7,157,0,0
36,89.0625,7,165,0,0
36,112.5,7,144,0,881
36,114.0625,7,141,0,810
36,137.5,7,118,0,0
36,139.0625,7,119,0,0
36,162.5,7,110,0,0
36,164.0625,7,111,0,0
36,187.5,7,110,0,0
36,189.0625,7,108,0,0
36,212.5,7,107,0,0
36,214.0625,7,107,0,0
36,237.5,7,105,0,0
36,239.0625,7,106,0,0
39,12.5,7,98,0,0
39,14.0625,7,98,0,0
39,37.5,7,98,0,0
39,39.0625,7,98,0,0
39,62.5,7,98,0,0
39,64.0625,7,97,0,0
39,87.5,7,150,0,0
39,89.0625,7,160,0,0
39,112.5,7,141,0,353
39,114.0625,7,137,0,267
39,137.5,7,116,0,0
39,139.0625,7,116,0,0
39,162.5,7,110,0,0
39,164.0625,7,110,0,0
39,187.5,7,106,0,0
39,189.0625,7,105,0,0
39,212.5,7,105,0,0
39,214.0625,7,104,0,0
39,237.5,7,101,0,0
39,239.0625,7,102,0,0
40,12.5,7,101,0,0
40,14.0625,7,99,0,0
40,37.5,7,100,0,0
40,39.0625,7,100,0,0
40,62.5,7,100,0,0
40,64.0625,7,100,0,0
40,87.5,7,152,0,0
40,89.0625,7,160,0,0
40,112.5,7,142,0,323
40,114.0625,7,139,0,256
40,137.5,7,116,0,0
40,139.0625,7,117,0,0
40,162.5,7,110,0,0
40,164.0625,7,109,0,0
40,187.5,7,106,0,0
40,189.0625,7,106,0,0
40,214.0625,7,106,0,0
40,237.5,7,104,0,0
40,239.0625,7,104,0,0
41,12.5,7,94,0,0
41,14.0625,7,95,0,0
41,37.5,7,94,0,0
41,39.0625,7,94,0,0
41,62.5,7,95,0,0
41,64.0625,7,95,0,0
41,87.5,7,152,0,0
41,89.0625,7,161,0,0
41,112.5,7,141,0,315
41,114.0625,7,136,0,256
41,137.5,7,114,0,0
41,139.0625,7,114,0,0
41,162.5,7,106,0,0
41,164.0625,7,107,0,0
41,187.5,7,102,0,0
41,189.0625,7,105,0,0
41,212.5,7,102,0,0
41,214.0625,7,102,0,0
41,237.5,7,100,0,0
41,239.0625,7,98,0,0
42,12.5,7,101,0,0
42,14.0625,7,101,0,0
42,37.5,7,101,0,0
42,39.0625,7,101,0,0
42,62.5,7,99,0,0
42,64.0625,7,101,0,0
42,87.5,7,151,0,0
42,89.0625,7,160,0,0
42,112.5,7,142,0,362
42,114.0625,7,139,0,272
42,137.5,7,116,0,0
42,139.0625,7,118,0,0
42,162.5,7,111,0,0
42,164.0625,7,111,0,0
42,187.5,7,109,0,0
42,189.0625,7,109,0,0
42,212.5,7,108,0,0
42,214.0625,7,106,0,0
42,237.5,7,106,0,0
42,239.0625,7,106,0,0
43,12.5,7,95,0,0
43,14.0625,7,95,0,0
43,37.5,7,95,0,0
43,39.0625,7,94,0,0
43,62.5,7,95,0,0
43,64.0625,7,95,0,0
43,87.5,7,152,0,0
43,89.0625,7,160,0,0
43,112.5,7,140,0,256
43,114.0625,7,138,0,197
43,137.5,7,114,0,0
43,139.0625,7,114,0,0
43,162.5,7,109,0,0
43,164.0625,7,108,0,0
43,187.5,7,104,0,0
43,189.0625,7,101,0,0
43,212.5,7,102,0,0
43,214.0625,7,101,0,0
43,237.5,7,100,0,0
43,239.0625,7,101,0,0
44,12.5,7,97,0,0
44,14.0625,7,97,0,0
44,37.5,7,96,0,0
44,39.0625,7,97,0,0
44,62.5,7,97,0,0
44,64.0625,7,98,0,0
44,87.5,7,153,0,0
44,89.0625,7,162,0,0
44,112.5,7,141,0,256
44,114.0625,7,138,0,178
44,137.5,7,116,0,0
44,139.0625,7,114,0,0
44,162.5,7,108,0,0
44,164.0625,7,108,0,0
44,187.5,7,104,0,0
44,189.0625,7,104,0,0
44,212.5,7,104,0,0
44,214.0625,7,102,0,0
44,237.5,7,104,0,0
44,239.0625,7,102,0,0
45,12.5,7,101,0,0
45,14.0625,7,102,0,0
45,37.5,7,102,0,0
45,39.0625,7,100,0,0
45,62.5,7,101,0,0
45,64.0625,7,100,0,0
45,87.5,7,154,0,0
45,89.0625,7,159,0,0
45,112.5,7,140,0,256
45,114.0625,7,137,0,218
45,137.5,7,118,0,0
45,139.0625,7,114,0,0
45,162.5,7,111,0,0
45,164.0625,7,112,0,0
45,187.5,7,109,0,0
45,189.0625,7,106,0,0
45,212.5,7,106,0,0
45,214.0625,7,106,0,0
45,237.5,7,106,0,0
45,239.0625,7,108,0,0
46,12.5,7,100,0,0
46,14.0625,7,100,0,0
46,37.5,7,101,0,0
46,39.0625,7,100,0,0
46,62.5,7,97,0,0
46,64.0625,7,98,0,0
46,87.5,7,153,0,0
46,89.0625,7,164,0,0
46,112.5,7,141,0,269
46,114.0625,7,141,0,193
46,137.5,7,118,0,0
46,139.0625,7,117,0,0
46,162.5,7,111,0,0
46,164.0625,7,111,0,0
46,187.5,7,107,0,0
46,189.0625,7,107,0,0
46,212.5,7,105,0,0
46,214.0625,7,106,0,0
46,237.5,7,104,0,0
46,239.0625,7,106,0,0
47,12.5,7,95,0,0
47,14.0625,7,94,0,0
47,37.5,7,94,0,0
47,39.0625,7,94,0,0
47,62.5,7,95,0,0
47,64.0625,7,95,0,0
47,87.5,7,170,0,0
47,89.0625,7,174,0,0
47,112.5,7,138,0,218
47,114.0625,7,134,0,98
47,137.5,7,113,0,0
47,139.0625,7,113,0,0
47,162.5,7,105,0,0
47,164.0625,7,105,0,0
47,187.5,7,103,0,0
47,189.0625,7,103,0,0
47,212.5,7,101,0,0
47,214.0625,7,101,0,0
47,237.5,7,100,0,0
47,239.0625,7,100,0,0
48,12.5,7,98,0,0
48,14.0625,7,98,0,0
48,37.5,7,98,0,0
48,39.0625,7,99,0,0
48,62.5,7,98,0,0
48,64.0625,7,99,0,0
48,87.5,7,150,0,0
48,89.0625,7,160,0,0
48,112.5,7,138,0,269
48,114.0625,7,137,0,194
48,137.5,7,115,0,0
48,139.0625,7,113,0,0
48,162.5,7,109,0,0
48,164.0625,7,109,0,0
48,187.5,7,108,0,0
48,189.0625,7,107,0,0
48,212.5,7,106,0,0
48,214.0625,7,104,0,0
48,237.5,7,104,0,0
48,239.0625,7,104,0,0
49,12.5,7,100,0,0
49,14.0625,7,100,0,0
49,37.5,7,100,0,0
49,39.0625,7,101,0,0
49,62.5,7,101,0,0
49,64.0625,7,100,0,0
49,87.5,7,149,0,0
49,89.0625,7,160,0,0
49,112.5,7,139,0,256
49,114.0625,7,139,0,219
49,137.5,7,118,0,0
49,139.0625,7,116,0,0
49,162.5,7,110,0,0
49,164.0625,7,111,0,0
49,187.5,7,109,0,0
49,189.0625,7,107,0,0
49,212.5,7,107,0,0
49,214.0625,7,106,0,0
49,237.5,7,105,0,0
49,239.0625,7,105,0,0
50,12.5,7,95,0,0
50,14.0625,7,97,0,0
50,37.5,7,95,0,0
50,39.0625,7,95,0,0
50,62.5,7,95,0,0
50,64.0625,7,97,0,0
50,87.5,7,152,0,0
50,89.0625,7,162,0,0
50,112.5,7,140,0,256
50,114.0625,7,137,0,189
50,137.5,7,115,0,0
50,139.0625,7,116,0,0
50,162.5,7,109,0,0
50,164.0625,7,107,0,0
50,187.5,7,104,0,0
50,189.0625,7,105,0,0
50,212.5,7,104,0,0
50,214.0625,7,104,0,0
50,237.5,7,101,0,0
50,239.0625,7,101,0,0
51,12.5,7,107,0,0
51,14.0625,7,105,0,0
51,37.5,7,105,0,0
51,39.0625,7,105,0,0
51,62.5,7,106,0,0
51,64.0625,7,105,0,0
51,87.5,7,161,0,0
51,89.0625,7,169,0,0
51,112.5,7,149,0,273
51,114.0625,7,144,0,221
51,137.5,7,123,0,0
51,139.0625,7,122,0,0
51,162.5,7,116,0,0
51,164.0625,7,116,0,0
51,187.5,7,114,0,0
51,189.0625,7,113,0,0
51,212.5,7,113,0,0
51,214.0625,7,110,0,0
51,237.5,7,111,0,0
51,239.0625,7,110,0,0
52,12.5,7,95,0,0
52,14.0625,7,95,0,0
52,37.5,7,94,0,0
52,39.0625,7,97,0,0
52,62.5,7,95,0,0
52,64.0625,7,96,0,0
52,87.5,7,151,0,0
52,89.0625,7,164,0,0
52,112.5,7,141,0,256
52,114.0625,7,138,0,205
52,137.5,7,116,0,0
52,139.0625,7,114,0,0
52,162.5,7,108,0,0
52,164.0625,7,108,0,0
52,187.5,7,105,0,0
52,189.0625,7,104,0,0
52,212.5,7,101,0,0
52,214.0625,7,101,0,0
52,237.5,7,101,0,0
52,239.0625,7,102,0,0
53,12.5,7,100,0,0
53,14.0625,7,102,0,0
53,37.5,7,101,0,0
53,39.0625,7,101,0,0
53,62.5,7,99,0,0
53,64.0625,7,101,0,0
53,87.5,7,153,0,0
53,89.0625,7,162,0,0
53,112.5,7,141,0,256
53,114.0625,7,138,0,197
53,137.5,7,116,0,0
53,139.0625,7,116,0,0
53,162.5,7,110,0,0
53,164.0625,7,111,0,0
53,187.5,7,109,0,0
53,189.0625,7,108,0,0
53,212.5,7,106,0,0
53,214.0625,7,106,0,0
53,237.5,7,104,0,0
53,239.0625,7,104,0,0
54,12.5,7,95,0,0
54,14.0625,7,94,0,0
54,37.5,7,95,0,0
54,39.0625,7,95,0,0
54,62.5,7,95,0,0
54,64.0625,7,95,0,0
54,87.5,7,154,0,0
54,89.0625,7,162,0,0
54,112.5,7,140,0,0
54,114.0625,7,138,0,0
54,137.5,7,114,0,0
54,139.0625,7,113,0,0
54,162.5,7,107,0,0
54,164.0625,7,106,0,0
54,187.5,7,104,0,0
54,189.0625,7,104,0,0
54,212.5,7,102,0,0
54,214.0625,7,101,0,0
54,237.5,7,101,0,0
54,239.0625,7,100,0,0
55,12.5,7,99,0,0
55,14.0625,7,96,0,0
55,37.5,7,99,0,0
55,39.0625,7,97,0,0
55,62.5,7,98,0,0
55,64.0625,7,97,0,0
55,87.5,7,155,0,0
55,89.0625,7,161,0,0
55,112.5,7,142,0,256
55,114.0625,7,138,0,196
55,137.5,7,115,0,0
55,139.0625,7,115,0,0
55,162.5,7,110,0,0
55,164.0625,7,107,0,0
55,187.5,7,107,0,0
55,189.0625,7,105,0,0
55,212.5,7,104,0,0
55,214.0625,7,105,0,0
55,237.5,7,102,0,0
55,239.0625,7,102,0,0
56,12.5,7,95,0,0
56,14.0625,7,98,0,0
56,37.5,7,95,0,0
56,39.0625,7,95,0,0
56,62.5,7,98,0,0
56,64.0625,7,98,0,0
56,87.5,7,170,0,0
56,89.0625,7,176,0,0
56,112.5,7,139,0,209
56,114.0625,7,137,0,89
56,137.5,7,115,0,0
56,139.0625,7,114,0,0
56,162.5,7,108,0,0
56,164.0625,7,109,0,0
56,187.5,7,105,0,0
56,189.0625,7,107,0,0
56,212.5,7,105,0,0
56,214.0625,7,104,0,0
56,237.5,7,102,0,0
56,239.0625,7,102,0,0
57,12.5,7,127,0,0
57,14.0625,7,128,0,0
57,37.5,7,127,0,0
57,39.0625,7,127,0,0
57,62.5,7,128,0,0
57,64.0625,7,127,0,0
57,87.5,7,249,0,0
57,89.0625,7,262,0,0
57,112.5,7,184,0,125
57,114.0625,7,180,0,28
57,137.5,7,141,0,0
57,139.0625,7,141,0,0
57,162.5,7,130,0,0
57,164.0625,7,130,0,0
57,187.5,7,128,0,0
57,189.0625,7,127,0,0
57,212.5,7,128,0,0
57,214.0625,7,127,0,0
57,237.5,7,126,0,0
57,239.0625,7,127,0,0
58,12.5,7,109,0,0
58,14.0625,7,109,0,0
58,37.5,7,108,0,0
58,39.0625,7,108,0,0
58,62.5,7,107,0,0
58,64.0625,7,109,0,0
58,87.5,7,164,0,0
58,89.0625,7,172,0,0
58,112.5,7,151,0,194
58,114.0625,7,148,0,96
58,137.5,7,125,0,0
58,139.0625,7,125,0,0
58,162.5,7,118,0,0
58,164.0625,7,117,0,0
58,187.5,7,114,0,0
58,189.0625,7,116,0,0
58,212.5,7,114,0,0
58,214.0625,7,113,0,0
58,237.5,7,112,0,0
58,239.0625,7,113,0,0
59,12.5,7,122,0,0
59,14.0625,7,121,0,0
59,37.5,7,122,0,0
59,39.0625,7,122,0,0
59,62.5,7,121,0,0
59,64.0625,7,122,0,0
59,87.5,7,185,0,0
59,89.0625,7,194,0,0
59,112.5,7,172,0,258
59,114.0625,7,165,0,165
59,137.5,7,141,0,0
59,139.0625,7,141,0,0
59,162.5,7,134,0,0
59,164.0625,7,134,0,0
59,187.5,7,131,0,0
59,189.0625,7,131,0,0
59,212.5,7,127,0,0
59,214.0625,7,129,0,0
59,237.5,7,127,0,0
59,239.0625,7,127,0,0
60,12.5,7,101,0,0
60,14.0625,7,101,0,0
60,37.5,7,102,0,0
60,39.0625,7,102,0,0
60,62.5,7,99,0,0
60,64.0625,7,101,0,0
60,87.5,7,156,0,0
60,89.0625,7,166,0,0
60,112.5,7,142,0,267
60,114.0625,7,139,0,188
60,137.5,7,117,0,0
60,139.0625,7,117,0,0
60,162.5,7,111,0,0
60,164.0625,7,111,0,0
60,187.5,7,108,0,0
60,189.0625,7,108,0,0
60,212.5,7,105,0,0
60,214.0625,7,104,0,0
60,237.5,7,105,0,0
60,239.0625,7,105,0,0
61,12.5,7,102,0,0
61,14.0625,7,102,0,0
61,37.5,7,102,0,0
61,39.0625,7,102,0,0
61,62.5,7,101,0,0
61,64.0625,7,101,0,0
61,87.5,7,156,0,0
61,89.0625,7,166,0,0
61,112.5,7,145,0,256
61,114.0625,7,140,0,182
61,137.5,7,119,0,0
61,139.0625,7,117,0,0
61,162.5,7,114,0,0
61,164.0625,7,111,0,0
61,189.0625,7,110,0,0
61,212.5,7,109,0,0
61,214.0625,7,107,0,0
61,237.5,7,108,0,0
61,239.0625,7,107,0,0
62,12.5,7,98,0,0
62,14.0625,7,98,0,0
62,37.5,7,99,0,0
62,39.0625,7,98,0,0
62,62.5,7,98,0,0
62,64.0625,7,98,0,0
62,87.5,7,156,0,0
62,89.0625,7,163,0,0
62,112.5,7,141,0,256
62,114.0625,7,138,0,219
62,137.5,7,116,0,0
62,139.0625,7,115,0,0
62,162.5,7,109,0,0
62,164.0625,7,110,0,0
62,187.5,7,108,0,0
62,189.0625,7,106,0,0
62,212.5,7,104,0,0
62,214.0625,7,103,0,0
62,237.5,7,104,0,0
62,239.0625,7,104,0,0
63,12.5,7,100,0,0
63,14.0625,7,97,0,0
63,37.5,7,99,0,0
63,39.0625,7,99,0,0
63,62.5,7,98,0,0
63,64.0625,7,98,0,0
63,87.5,7,157,0,0
63,89.0625,7,169,0,0
63,112.5,7,143,0,256
63,114.0625,7,139,0,180
63,137.5,7,118,0,0
63,139.0625,7,116,0,0
63,162.5,7,109,0,0
63,164.0625,7,110,0,0
63,187.5,7,107,0,0
63,189.0625,7,108,0,0
63,212.5,7,106,0,0
63,214.0625,7,104,0,0
63,237.5,7,104,0,0
63,239.0625,7,104,0,0
64,12.5,7,102,0,0
64,14.0625,7,102,0,0
64,37.5,7,103,0,0
64,39.0625,7,104,0,0
64,62.5,7,102,0,0
64,64.0625,7,102,0,0
64,87.5,7,156,0,0
64,89.0625,7,165,0,0
64,112.5,7,143,0,251
64,114.0625,7,141,0,249
64,137.5,7,120,0,0
64,139.0625,7,118,0,0
64,162.5,7,111,0,0
64,164.0625,7,111,0,0
64,187.5,7,109,0,0
64,189.0625,7,110,0,0
64,212.5,7,110,0,0
64,214.0625,7,109,0,0
64,237.5,7,107,0,0
64,239.0625,7,109,0,0
65,12.5,7,105,0,0
65,14.0625,7,105,0,0
65,37.5,7,105,0,0
65,39.0625,7,105,0,0
65,62.5,7,105,0,0
65,64.0625,7,105,0,0
65,87.5,7,157,0,0
65,89.0625,7,168,0,0
65,112.5,7,145,0,256
65,114.0625,7,140,0,213
65,137.5,7,120,0,0
65,139.0625,7,120,0,0
65,162.5,7,116,0,0
65,164.0625,7,115,0,0
65,187.5,7,111,0,0
65,189.0625,7,112,0,0
65,212.5,7,111,0,0
65,214.0625,7,110,0,0
65,237.5,7,110,0,0
65,239.0625,7,109,0,0
66,12.5,7,98,0,0
66,14.0625,7,99,0,0
66,37.5,7,98,0,0
66,39.0625,7,95,0,0
66,62.5,7,99,0,0
66,64.0625,7,98,0,0
66,87.5,7,168,0,0
66,89.0625,7,177,0,0
66,112.5,7,139,0,181
66,114.0625,7,136,0,99
66,137.5,7,113,0,0
66,139.0625,7,116,0,0
66,162.5,7,108,0,0
66,164.0625,7,107,0,0
66,187.5,7,105,0,0
66,189.0625,7,106,0,0
66,212.5,7,103,0,0
66,214.0625,7,105,0,0
66,237.5,7,102,0,0
66,239.0625,7,104,0,0
67,12.5,7,101,0,0
67,14.0625,7,102,0,0
67,37.5,7,101,0,0
67,39.0625,7,102,0,0
67,62.5,7,101,0,0
67,64.0625,7,102,0,0
67,87.5,7,157,0,0
67,89.0625,7,165,0,0
67,112.5,7,143,0,264
67,114.0625,7,139,0,267
67,137.5,7,117,0,0
67,139.0625,7,115,0,0
67,162.5,7,111,0,0
67,164.0625,7,113,0,0
67,187.5,7,108,0,0
67,189.0625,7,109,0,0
67,212.5,7,107,0,0
67,214.0625,7,110,0,0
67,237.5,7,105,0,0
67,239.0625,7,107,0,0
68,12.5,7,101,0,0
68,14.0625,7,99,0,0
68,37.5,7,99,0,0
68,39.0625,7,98,0,0
68,62.5,7,99,0,0
68,64.0625,7,98,0,0
68,87.5,7,154,0,0
68,89.0625,7,166,0,0
68,112.5,7,142,0,264
68,114.0625,7,138,0,265
68,137.5,7,118,0,0
68,139.0625,7,116,0,0
68,162.5,7,110,0,0
68,164.0625,7,109,0,0
68,187.5,7,107,0,0
68,189.0625,7,106,0,0
68,212.5,7,104,0,0
68,214.0625,7,104,0,0
68,237.5,7,104,0,0
68,239.0625,7,102,0,0
69,12.5,7,104,0,0
69,14.0625,7,103,0,0
69,37.5,7,104,0,0
69,39.0625,7,104,0,0
69,62.5,7,105,0,0
69,64.0625,7,103,0,0
69,87.5,7,165,0,0
69,89.0625,7,174,0,0
69,112.5,7,148,0,256
69,114.0625,7,145,0,258
69,137.5,7,123,0,0
69,139.0625,7,121,0,0
69,162.5,7,115,0,0
69,164.0625,7,116,0,0
69,187.5,7,112,0,0
69,189.0625,7,111,0,0
69,212.5,7,110,0,0
69,214.0625,7,111,0,0
69,237.5,7,110,0,0
69,239.0625,7,110,0,0
70,12.5,7,104,0,0
70,14.0625,7,103,0,0
70,37.5,7,105,0,0
70,39.0625,7,105,0,0
70,62.5,7,102,0,0
70,64.0625,7,103,0,0
70,87.5,7,158,0,0
70,89.0625,7,166,0,0
70,112.5,7,146,0,256
70,114.0625,7,142,0,259
70,137.5,7,122,0,0
70,139.0625,7,120,0,0
70,162.5,7,115,0,0
70,164.0625,7,113,0,0
70,187.5,7,113,0,0
70,189.0625,7,113,0,0
70,212.5,7,110,0,0
70,214.0625,7,109,0,0
70,237.5,7,110,0,0
70,239.0625,7,109,0,0
71,12.5,7,102,0,0
71,14.0625,7,101,0,0
71,37.5,7,103,0,0
71,39.0625,7,102,0,0
71,62.5,7,101,0,0
71,64.0625,7,103,0,0
71,87.5,7,158,0,0
71,89.0625,7,168,0,0
71,112.5,7,145,0,256
71,114.0625,7,142,0,245
71,137.5,7,120,0,0
71,139.0625,7,119,0,0
71,162.5,7,111,0,0
71,164.0625,7,113,0,0
71,187.5,7,110,0,0
71,189.0625,7,111,0,0
71,212.5,7,109,0,0
71,214.0625,7,109,0,0
71,237.5,7,107,0,0
71,239.0625,7,105,0,0
72,12.5,7,101,0,0
72,14.0625,7,101,0,0
72,37.5,7,100,0,0
72,39.0625,7,100,0,0
72,62.5,7,101,0,0
72,64.0625,7,101,0,0
72,87.5,7,153,0,0
72,89.0625,7,165,0,0
72,112.5,7,142,0,264
72,114.0625,7,138,0,248
72,137.5,7,116,0,0
72,139.0625,7,117,0,0
72,162.5,7,111,0,0
72,164.0625,7,110,0,0
72,187.5,7,109,0,0
72,189.0625,7,108,0,0
72,212.5,7,107,0,0
72,214.0625,7,108,0,0
72,237.5,7,106,0,0
72,239.0625,7,105,0,0
73,12.5,7,93,0,0
73,14.0625,7,93,0,0
73,37.5,7,92,0,0
73,39.0625,7,93,0,0
73,62.5,7,93,0,0
73,64.0625,7,91,0,0
73,87.5,7,144,0,0
73,89.0625,7,157,0,0
73,112.5,7,133,0,283
73,114.0625,7,130,0,256
73,137.5,7,109,0,0
73,139.0625,7,108,0,0
73,162.5,7,101,0,0
73,164.0625,7,104,0,0
73,187.5,7,99,0,0
73,189.0625,7,99,0,0
73,212.5,7,97,0,0
73,214.0625,7,98,0,0
73,237.5,7,95,0,0
73,239.0625,7,95,0,0
74,12.5,7,102,0,0
74,14.0625,7,102,0,0
74,37.5,7,101,0,0
74,39.0625,7,101,0,0
74,62.5,7,102,0,0
74,64.0625,7,103,0,0
74,87.5,7,158,0,0
74,89.0625,7,163,0,0
74,112.5,7,142,0,256
74,114.0625,7,138,0,264
74,137.5,7,119,0,0
74,139.0625,7,117,0,0
74,162.5,7,111,0,0
74,164.0625,7,111,0,0
74,187.5,7,109,0,0
74,189.0625,7,108,0,0
74,212.5,7,107,0,0
74,214.0625,7,106,0,0
74,237.5,7,107,0,0
74,239.0625,7,106,0,0
77,12.5,7,98,0,0
77,14.0625,7,98,0,0
77,37.5,7,98,0,0
77,39.0625,7,98,0,0
77,62.5,7,98,0,0
77,64.0625,7,98,0,0
77,87.5,7,155,0,0
77,89.0625,7,168,0,0
77,112.5,7,140,0,560
77,114.0625,7,138,0,482
77,137.5,7,117,0,0
77,139.0625,7,118,0,0
77,162.5,7,109,0,0
77,164.0625,7,109,0,0
77,187.5,7,108,0,0
77,189.0625,7,106,0,0
77,212.5,7,104,0,0
77,214.0625,7,104,0,0
77,237.5,7,104,0,0
77,239.0625,7,102,0,0
78,12.5,7,98,0,0
78,14.0625,7,99,0,0
78,37.5,7,98,0,0
78,39.0625,7,99,0,0
78,62.5,7,98,0,0
78,64.0625,7,99,0,0
78,87.5,7,154,0,0
78,89.0625,7,164,0,0
78,112.5,7,137,0,571
78,114.0625,7,136,0,496
78,137.5,7,114,0,0
78,139.0625,7,115,0,0
78,162.5,7,109,0,0
78,164.0625,7,109,0,0
78,187.5,7,106,0,0
78,189.0625,7,105,0,0
78,212.5,7,104,0,0
78,214.0625,7,104,0,0
78,237.5,7,104,0,0
78,239.0625,7,102,0,0
79,12.5,7,95,0,0
79,14.0625,7,96,0,0
79,37.5,7,96,0,0
79,39.0625,7,95,0,0
79,62.5,7,97,0,0
79,64.0625,7,96,0,0
79,87.5,7,152,0,0
79,89.0625,7,164,0,0
79,112.5,7,137,0,571
79,114.0625,7,136,0,490
79,137.5,7,116,0,0
79,139.0625,7,114,0,0
79,162.5,7,109,0,0
79,164.0625,7,106,0,0
79,187.5,7,104,0,0
79,189.0625,7,104,0,0
79,212.5,7,103,0,0
79,214.0625,7,102,0,0
79,237.5,7,101,0,0
79,239.0625,7,101,0,0
80,12.5,7,99,0,0
80,14.0625,7,99,0,0
80,37.5,7,98,0,0
80,39.0625,7,99,0,0
80,62.5,7,98,0,0
80,64.0625,7,98,0,0
80,87.5,7,154,0,0
80,89.0625,7,165,0,0
80,112.5,7,141,0,557
80,114.0625,7,136,0,485
80,137.5,7,116,0,0
80,139.0625,7,118,0,0
80,162.5,7,109,0,0
80,164.0625,7,108,0,0
80,187.5,7,106,0,0
80,189.0625,7,107,0,0
80,212.5,7,104,0,0
80,214.0625,7,104,0,0
80,237.5,7,104,0,0
80,239.0625,7,105,0,0
81,12.5,7,95,0,0
81,14.0625,7,97,0,0
81,37.5,7,95,0,0
81,39.0625,7,98,0,0
81,62.5,7,96,0,0
81,64.0625,7,97,0,0
81,87.5,7,154,0,0
81,89.0625,7,164,0,0
81,112.5,7,140,0,553
81,114.0625,7,138,0,493
81,137.5,7,114,0,0
81,139.0625,7,114,0,0
81,162.5,7,106,0,0
81,164.0625,7,106,0,0
81,187.5,7,105,0,0
81,189.0625,7,105,0,0
81,212.5,7,103,0,0
81,214.0625,7,104,0,0
81,237.5,7,101,0,0
81,239.0625,7,102,0,0
82,12.5,7,96,0,0
82,14.0625,7,95,0,0
82,37.5,7,95,0,0
82,39.0625,7,99,0,0
82,62.5,7,96,0,0
82,64.0625,7,97,0,0
82,87.5,7,158,0,0
82,89.0625,7,170,0,0
82,112.5,7,140,0,541
82,114.0625,7,138,0,459
82,137.5,7,115,0,0
82,139.0625,7,116,0,0
82,162.5,7,109,0,0
82,164.0625,7,108,0,0
82,187.5,7,104,0,0
82,189.0625,7,105,0,0
82,212.5,7,103,0,0
82,214.0625,7,104,0,0
82,237.5,7,102,0,0
82,239.0625,7,101,0,0
83,12.5,7,98,0,0
83,14.0625,7,98,0,0
83,37.5,7,97,0,0
83,39.0625,7,98,0,0
83,62.5,7,98,0,0
83,64.0625,7,98,0,0
83,87.5,7,156,0,0
83,89.0625,7,166,0,0
83,112.5,7,139,0,557
83,114.0625,7,137,0,475
83,137.5,7,114,0,0
83,139.0625,7,117,0,0
83,162.5,7,106,0,0
83,164.0625,7,110,0,0
83,187.5,7,105,0,0
83,189.0625,7,106,0,0
83,212.5,7,104,0,0
83,214.0625,7,105,0,0
83,237.5,7,102,0,0
83,239.0625,7,105,0,0
84,12.5,7,92,0,0
84,14.0625,7,94,0,0
84,37.5,7,93,0,0
84,39.0625,7,92,0,0
84,62.5,7,94,0,0
84,64.0625,7,94,0,0
84,87.5,7,156,0,0
84,89.0625,7,167,0,0
84,112.5,7,139,0,608
84,114.0625,7,136,0,496
84,137.5,7,113,0,0
84,139.0625,7,111,0,0
84,162.5,7,105,0,0
84,164.0625,7,106,0,0
84,187.5,7,102,0,0
84,189.0625,7,103,0,0
84,212.5,7,101,0,0
84,214.0625,7,101,0,0
84,237.5,7,100,0,0
84,239.0625,7,101,0,0
85,12.5,7,92,0,0
85,14.0625,7,95,0,0
85,37.5,7,94,0,0
85,39.0625,7,95,0,0
85,62.5,7,93,0,0
85,64.0625,7,97,0,0
85,87.5,7,172,0,0
85,89.0625,7,182,0,0
85,112.5,7,137,0,0
85,114.0625,7,134,0,0
85,137.5,7,112,0,0
85,139.0625,7,112,0,0
85,162.5,7,106,0,0
85,164.0625,7,106,0,0
85,187.5,7,102,0,0
85,189.0625,7,102,0,0
85,212.5,7,100,0,0
85,214.0625,7,98,0,0
85,237.5,7,100,0,0
85,239.0625,7,101,0,0
86,12.5,7,100,0,0
86,14.0625,7,99,0,0
86,37.5,7,99,0,0
86,39.0625,7,100,0,0
86,62.5,7,101,0,0
86,64.0625,7,101,0,0
86,87.5,7,159,0,0
86,89.0625,7,168,0,0
86,112.5,7,141,0,509
86,114.0625,7,138,0,452
86,137.5,7,115,0,0
86,139.0625,7,116,0,0
86,162.5,7,110,0,0
86,164.0625,7,109,0,0
86,187.5,7,108,0,0
86,189.0625,7,106,0,0
86,212.5,7,104,0,0
86,214.0625,7,105,0,0
86,237.5,7,105,0,0
86,239.0625,7,104,0,0
87,12.5,7,108,0,0
87,14.0625,7,108,0,0
87,37.5,7,107,0,0
87,39.0625,7,109,0,0
87,62.5,7,108,0,0
87,64.0625,7,108,0,0
87,87.5,7,162,0,0
87,89.0625,7,174,0,0
87,112.5,7,146,0,557
87,114.0625,7,145,0,490
87,137.5,7,124,0,0
87,139.0625,7,125,0,0
87,162.5,7,117,0,0
87,164.0625,7,116,0,0
87,187.5,7,114,0,0
87,189.0625,7,115,0,0
87,212.5,7,113,0,0
87,214.0625,7,114,0,0
87,237.5,7,110,0,0
87,239.0625,7,113,0,0
88,12.5,7,101,0,0
88,14.0625,7,100,0,0
88,37.5,7,100,0,0
88,39.0625,7,100,0,0
88,62.5,7,100,0,0
88,64.0625,7,100,0,0
88,87.5,7,153,0,0
88,89.0625,7,165,0,0
88,112.5,7,140,0,570
88,114.0625,7,136,0,516
88,137.5,7,116,0,0
88,139.0625,7,116,0,0
88,162.5,7,110,0,0
88,164.0625,7,111,0,0
88,187.5,7,108,0,0
88,189.0625,7,106,0,0
88,212.5,7,106,0,0
88,214.0625,7,107,0,0
88,237.5,7,105,0,0
88,239.0625,7,105,0,0
89,12.5,7,98,0,0
89,14.0625,7,98,0,0
89,37.5,7,97,0,0
89,39.0625,7,100,0,0
89,62.5,7,100,0,0
89,64.0625,7,99,0,0
89,87.5,7,156,0,0
89,89.0625,7,169,0,0
89,112.5,7,141,0,563
89,114.0625,7,138,0,484
89,137.5,7,117,0,0
89,139.0625,7,116,0,0
89,162.5,7,109,0,0
89,164.0625,7,108,0,0
89,187.5,7,106,0,0
89,189.0625,7,106,0,0
89,212.5,7,105,0,0
89,214.0625,7,104,0,0
89,237.5,7,103,0,0
89,239.0625,7,103,0,0
90,12.5,7,96,0,0
90,14.0625,7,94,0,0
90,37.5,7,95,0,0
90,39.0625,7,95,0,0
90,62.5,7,95,0,0
90,64.0625,7,95,0,0
90,87.5,7,156,0,0
90,89.0625,7,166,0,0
90,112.5,7,139,0,566
90,114.0625,7,135,0,500
90,137.5,7,114,0,0
90,139.0625,7,112,0,0
90,162.5,7,107,0,0
90,164.0625,7,106,0,0
90,187.5,7,102,0,0
90,189.0625,7,102,0,0
90,212.5,7,104,0,0
90,214.0625,7,102,0,0
90,237.5,7,101,0,0
90,239.0625,7,100,0,0
91,12.5,7,98,0,0
91,14.0625,7,99,0,0
91,37.5,7,97,0,0
91,39.0625,7,98,0,0
91,62.5,7,98,0,0
91,64.0625,7,99,0,0
91,87.5,7,156,0,0
91,89.0625,7,167,0,0
91,112.5,7,139,0,581
91,114.0625,7,138,0,520
91,137.5,7,115,0,0
91,139.0625,7,116,0,0
91,162.5,7,108,0,0
91,164.0625,7,109,0,0
91,187.5,7,106,0,0
91,189.0625,7,106,0,0
91,212.5,7,105,0,0
91,214.0625,7,106,0,0
91,237.5,7,104,0,0
91,239.0625,7,104,0,0
92,12.5,7,100,0,0
92,14.0625,7,101,0,0
92,37.5,7,99,0,0
92,39.0625,7,100,0,0
92,62.5,7,100,0,0
92,64.0625,7,99,0,0
92,87.5,7,160,0,0
92,89.0625,7,168,0,0
92,112.5,7,141,0,558
92,114.0625,7,139,0,498
92,137.5,7,118,0,0
92,139.0625,7,115,0,0
92,162.5,7,111,0,0
92,164.0625,7,109,0,0
92,187.5,7,106,0,0
92,189.0625,7,108,0,0
92,212.5,7,105,0,0
92,214.0625,7,105,0,0
92,237.5,7,104,0,0
92,239.0625,7,104,0,0
93,12.5,7,98,0,0
93,14.0625,7,99,0,0
93,37.5,7,99,0,0
93,39.0625,7,98,0,0
93,62.5,7,99,0,0
93,64.0625,7,98,0,0
93,87.5,7,156,0,0
93,89.0625,7,166,0,0
93,112.5,7,141,0,562
93,114.0625,7,137,0,492
93,137.5,7,117,0,0
93,139.0625,7,113,0,0
93,162.5,7,110,0,0
93,164.0625,7,109,0,0
93,187.5,7,108,0,0
93,189.0625,7,105,0,0
93,212.5,7,104,0,0
93,214.0625,7,104,0,0
93,237.5,7,102,0,0
93,239.0625,7,103,0,0
94,12.5,7,98,0,0
94,14.0625,7,98,0,0
94,37.5,7,98,0,0
94,39.0625,7,97,0,0
94,62.5,7,97,0,0
94,64.0625,7,98,0,0
94,87.5,7,174,0,0
94,89.0625,7,181,0,0
94,112.5,7,138,0,476
94,114.0625,7,135,0,414
94,137.5,7,114,0,0
94,139.0625,7,112,0,0
94,162.5,7,108,0,0
94,164.0625,7,108,0,0
94,187.5,7,105,0,0
94,189.0625,7,105,0,0
94,212.5,7,105,0,0
94,214.0625,7,102,0,0
94,237.5,7,104,0,0
94,239.0625,7,102,0,0
95,12.5,7,120,0,0
95,14.0625,7,121,0,0
95,37.5,7,120,0,0
95,39.0625,7,120,0,0
95,62.5,7,121,0,0
95,64.0625,7,121,0,0
95,87.5,7,245,0,0
95,89.0625,7,255,0,0
95,112.5,7,173,0,486
95,114.0625,7,169,0,420
95,137.5,7,133,0,0
95,139.0625,7,132,0,0
95,162.5,7,123,0,0
95,164.0625,7,123,0,0
95,187.5,7,122,0,0
95,189.0625,7,121,0,0
95,212.5,7,120,0,0
95,214.0625,7,118,0,0
95,237.5,7,120,0,0
95,239.0625,7,121,0,0
96,12.5,7,94,0,0
96,14.0625,7,95,0,0
96,37.5,7,95,0,0
96,39.0625,7,95,0,0
96,62.5,7,94,0,0
96,64.0625,7,95,0,0
96,87.5,7,171,0,0
96,89.0625,7,182,0,0
96,112.5,7,135,0,467
96,114.0625,7,134,0,401
96,137.5,7,111,0,0
96,139.0625,7,112,0,0
96,162.5,7,105,0,0
96,164.0625,7,106,0,0
96,187.5,7,105,0,0
96,189.0625,7,104,0,0
96,212.5,7,101,0,0
96,214.0625,7,100,0,0
96,237.5,7,100,0,0
96,239.0625,7,100,0,0
97,12.5,7,95,0,0
97,14.0625,7,95,0,0
97,37.5,7,95,0,0
97,39.0625,7,95,0,0
97,62.5,7,95,0,0
97,64.0625,7,95,0,0
97,87.5,7,174,0,0
97,89.0625,7,184,0,0
97,112.5,7,138,0,469
97,114.0625,7,135,0,399
97,137.5,7,115,0,0
97,139.0625,7,114,0,0
97,162.5,7,105,0,0
97,164.0625,7,106,0,0
97,187.5,7,101,0,0
97,189.0625,7,101,0,0
97,212.5,7,101,0,0
97,214.0625,7,102,0,0
97,237.5,7,101,0,0
97,239.0625,7,102,0,0
98,12.5,7,100,0,0
98,14.0625,7,98,0,0
98,37.5,7,98,0,0
98,39.0625,7,98,0,0
98,62.5,7,99,0,0
98,64.0625,7,99,0,0
98,87.5,7,175,0,0
98,89.0625,7,184,0,0
98,112.5,7,138,0,477
98,114.0625,7,136,0,417
98,137.5,7,115,0,0
98,139.0625,7,114,0,0
98,162.5,7,109,0,0
98,164.0625,7,110,0,0
98,187.5,7,106,0,0
98,189.0625,7,106,0,0
98,212.5,7,106,0,0
98,214.0625,7,103,0,0
98,237.5,7,104,0,0
98,239.0625,7,104,0,0
99,12.5,7,98,0,0
99,14.0625,7,95,0,0
99,37.5,7,95,0,0
99,39.0625,7,98,0,0
99,62.5,7,95,0,0
99,64.0625,7,95,0,0
99,87.5,7,171,0,0
99,89.0625,7,180,0,0
99,112.5,7,137,0,469
99,114.0625,7,134,0,403
99,137.5,7,115,0,0
99,139.0625,7,113,0,0
99,162.5,7,106,0,0
99,164.0625,7,108,0,0
99,187.5,7,103,0,0
99,189.0625,7,104,0,0
99,212.5,7,101,0,0
99,214.0625,7,104,0,0
99,237.5,7,99,0,0
99,239.0625,7,102,0,0
100,12.5,7,97,0,0
100,14.0625,7,97,0,0
100,37.5,7,95,0,0
100,39.0625,7,98,0,0
100,62.5,7,100,0,0
100,64.0625,7,98,0,0
100,87.5,7,174,0,0
100,89.0625,7,181,0,0
100,112.5,7,137,0,477
100,114.0625,7,136,0,410
100,137.5,7,115,0,0
100,139.0625,7,115,0,0
100,162.5,7,109,0,0
100,164.0625,7,107,0,0
100,187.5,7,105,0,0
100,189.0625,7,105,0,0
100,212.5,7,103,0,0
100,214.0625,7,104,0,0
100,237.5,7,102,0,0
100,239.0625,7,103,0,0
101,12.5,7,99,0,0
101,14.0625,7,98,0,0
101,37.5,7,99,0,0
101,39.0625,7,98,0,0
101,62.5,7,98,0,0
101,64.0625,7,98,0,0
101,87.5,7,174,0,0
101,89.0625,7,182,0,0
101,112.5,7,138,0,479
101,114.0625,7,136,0,419
101,137.5,7,116,0,0
101,139.0625,7,112,0,0
101,162.5,7,110,0,0
101,164.0625,7,107,0,0
101,187.5,7,105,0,0
101,189.0625,7,104,0,0
101,212.5,7,105,0,0
101,214.0625,7,105,0,0
101,237.5,7,102,0,0
101,239.0625,7,101,0,0
102,12.5,7,95,0,0
102,14.0625,7,98,0,0
102,37.5,7,98,0,0
102,39.0625,7,95,0,0
102,62.5,7,97,0,0
102,64.0625,7,98,0,0
102,87.5,7,172,0,0
102,89.0625,7,180,0,0
102,112.5,7,138,0,484
102,114.0625,7,134,0,409
102,137.5,7,113,0,0
102,139.0625,7,113,0,0
102,162.5,7,109,0,0
102,164.0625,7,106,0,0
102,187.5,7,105,0,0
102,189.0625,7,105,0,0
102,212.5,7,104,0,0
102,214.0625,7,103,0,0
102,237.5,7,102,0,0
102,239.0625,7,102,0,0
103,12.5,7,95,0,0
103,14.0625,7,95,0,0
103,37.5,7,95,0,0
103,39.0625,7,95,0,0
103,62.5,7,95,0,0
103,64.0625,7,95,0,0
103,87.5,7,172,0,0
103,89.0625,7,178,0,0
103,112.5,7,136,0,486
103,114.0625,7,134,0,421
103,137.5,7,111,0,0
103,139.0625,7,112,0,0
103,162.5,7,106,0,0
103,164.0625,7,106,0,0
103,187.5,7,104,0,0
103,189.0625,7,104,0,0
103,212.5,7,101,0,0
103,214.0625,7,102,0,0
103,237.5,7,98,0,0
103,239.0625,7,98,0,0
104,12.5,7,98,0,0
104,14.0625,7,98,0,0
104,37.5,7,95,0,0
104,39.0625,7,99,0,0
104,62.5,7,97,0,0
104,64.0625,7,96,0,0
104,87.5,7,170,0,0
104,89.0625,7,181,0,0
104,112.5,7,137,0,459
104,114.0625,7,136,0,383
104,137.5,7,114,0,0
104,139.0625,7,114,0,0
104,162.5,7,108,0,0
104,164.0625,7,109,0,0
104,187.5,7,105,0,0
104,189.0625,7,105,0,0
104,212.5,7,103,0,0
104,214.0625,7,105,0,0
104,237.5,7,103,0,0
104,239.0625,7,102,0,0
105,12.5,7,98,0,0
105,14.0625,7,98,0,0
105,37.5,7,98,0,0
105,39.0625,7,100,0,0
105,62.5,7,98,0,0
105,64.0625,7,99,0,0
105,87.5,7,173,0,0
105,89.0625,7,182,0,0
105,112.5,7,140,0,474
105,114.0625,7,138,0,379
105,137.5,7,115,0,0
105,139.0625,7,116,0,0
105,162.5,7,109,0,0
105,164.0625,7,110,0,0
105,187.5,7,107,0,0
105,189.0625,7,106,0,0
105,212.5,7,103,0,0
105,214.0625,7,104,0,0
105,237.5,7,103,0,0
105,239.0625,7,104,0,0
106,12.5,7,98,0,0
106,14.0625,7,101,0,0
106,37.5,7,99,0,0
106,39.0625,7,100,0,0
106,62.5,7,100,0,0
106,64.0625,7,101,0,0
106,87.5,7,169,0,0
106,89.0625,7,178,0,0
106,112.5,7,135,0,447
106,114.0625,7,136,0,381
106,137.5,7,117,0,0
106,139.0625,7,116,0,0
106,162.5,7,109,0,0
106,164.0625,7,108,0,0
106,187.5,7,106,0,0
106,189.0625,7,108,0,0
106,212.5,7,105,0,0
106,214.0625,7,107,0,0
106,237.5,7,104,0,0
106,239.0625,7,105,0,0
107,12.5,7,100,0,0
107,14.0625,7,98,0,0
107,37.5,7,97,0,0
107,39.0625,7,95,0,0
107,62.5,7,99,0,0
107,64.0625,7,95,0,0
107,87.5,7,173,0,0
107,89.0625,7,180,0,0
107,112.5,7,139,0,474
107,114.0625,7,137,0,406
107,137.5,7,114,0,0
107,139.0625,7,114,0,0
107,162.5,7,107,0,0
107,164.0625,7,107,0,0
107,187.5,7,105,0,0
107,189.0625,7,104,0,0
107,212.5,7,104,0,0
107,214.0625,7,104,0,0
107,237.5,7,102,0,0
107,239.0625,7,102,0,0
108,12.5,7,95,0,0
108,14.0625,7,95,0,0
108,37.5,7,97,0,0
108,39.0625,7,97,0,0
108,62.5,7,95,0,0
108,64.0625,7,95,0,0
108,87.5,7,172,0,0
108,89.0625,7,180,0,0
108,112.5,7,137,0,482
108,114.0625,7,136,0,388
108,137.5,7,113,0,0
108,139.0625,7,113,0,0
108,162.5,7,109,0,0
108,164.0625,7,109,0,0
108,187.5,7,105,0,0
108,189.0625,7,107,0,0
108,212.5,7,102,0,0
108,214.0625,7,102,0,0
108,237.5,7,102,0,0
108,239.0625,7,103,0,0
109,12.5,7,73,0,0
109,14.0625,7,75,0,0
109,37.5,7,74,0,0
109,39.0625,7,74,0,0
109,62.5,7,74,0,0
109,64.0625,7,74,0,0
109,87.5,7,145,0,0
109,89.0625,7,152,0,0
109,112.5,7,114,0,480
109,114.0625,7,111,0,419
109,137.5,7,91,0,0
109,139.0625,7,90,0,0
109,162.5,7,85,0,0
109,164.0625,7,85,0,0
109,187.5,7,82,0,0
109,189.0625,7,81,0,0
109,212.5,7,81,0,0
109,214.0625,7,80,0,0
109,237.5,7,79,0,0
109,239.0625,7,80,0,0
110,12.5,7,97,0,0
110,14.0625,7,98,0,0
110,37.5,7,97,0,0
110,39.0625,7,98,0,0
110,62.5,7,95,0,0
110,64.0625,7,98,0,0
110,87.5,7,171,0,0
110,89.0625,7,178,0,0
110,112.5,7,136,0,514
110,114.0625,7,134,0,478
110,137.5,7,113,0,0
110,139.0625,7,114,0,0
110,162.5,7,109,0,0
110,164.0625,7,108,0,0
110,187.5,7,105,0,0
110,189.0625,7,104,0,0
110,212.5,7,103,0,0
110,214.0625,7,101,0,0
110,237.5,7,100,0,0
110,239.0625,7,102,0,0
111,12.5,7,97,0,0
111,14.0625,7,95,0,0
111,37.5,7,95,0,0
111,39.0625,7,95,0,0
111,62.5,7,95,0,0
111,64.0625,7,95,0,0
111,87.5,7,168,0,0
111,89.0625,7,175,0,0
111,112.5,7,136,0,527
111,114.0625,7,133,0,456
111,137.5,7,114,0,0
111,139.0625,7,112,0,0
111,162.5,7,108,0,0
111,164.0625,7,105,0,0
111,187.5,7,104,0,0
111,189.0625,7,103,0,0
111,212.5,7,103,0,0
111,214.0625,7,101,0,0
111,237.5,7,100,0,0
111,239.0625,7,100,0,0
112,12.5,7,93,0,0
112,14.0625,7,92,0,0
112,37.5,7,95,0,0
112,39.0625,7,94,0,0
112,62.5,7,95,0,0
112,64.0625,7,94,0,0
112,87.5,7,164,0,0
112,89.0625,7,172,0,0
112,112.5,7,131,0,505
112,114.0625,7,129,0,473
112,137.5,7,109,0,0
112,139.0625,7,110,0,0
112,162.5,7,105,0,0
112,164.0625,7,102,0,0
112,187.5,7,100,0,0
112,189.0625,7,100,0,0
112,212.5,7,99,0,0
112,214.0625,7,98,0,0
112,237.5,7,97,0,0
112,239.0625,7,99,0,0
115,12.5,7,93,0,0
115,14.0625,7,95,0,0
115,37.5,7,95,0,0
115,39.0625,7,95,0,0
115,62.5,7,94,0,0
115,64.0625,7,94,0,0
115,87.5,7,148,0,0
115,89.0625,7,157,0,0
115,112.5,7,138,0,226
115,114.0625,7,136,0,151
115,137.5,7,110,0,0
115,139.0625,7,112,0,0
115,162.5,7,106,0,0
115,164.0625,7,104,0,0
115,187.5,7,102,0,0
115,189.0625,7,101,0,0
115,212.5,7,101,0,0
115,214.0625,7,100,0,0
115,237.5,7,100,0,0
115,239.0625,7,100,0,0
116,12.5,7,88,0,0
116,14.0625,7,86,0,0
116,37.5,7,89,0,0
116,39.0625,7,89,0,0
116,62.5,7,86,0,0
116,64.0625,7,88,0,0
116,87.5,7,141,0,0
116,89.0625,7,152,0,0
116,112.5,7,132,0,217
116,114.0625,7,129,0,157
116,137.5,7,106,0,0
116,139.0625,7,106,0,0
116,162.5,7,100,0,0
116,164.0625,7,101,0,0
116,187.5,7,95,0,0
116,189.0625,7,95,0,0
116,214.0625,7,94,0,0
116,237.5,7,92,0,0
116,239.0625,7,94,0,0
117,12.5,7,93,0,0
117,14.0625,7,92,0,0
117,37.5,7,93,0,0
117,39.0625,7,94,0,0
117,62.5,7,94,0,0
117,64.0625,7,95,0,0
117,87.5,7,150,0,0
117,89.0625,7,160,0,0
117,112.5,7,140,0,213
117,114.0625,7,136,0,169
117,137.5,7,113,0,0
117,139.0625,7,112,0,0
117,162.5,7,106,0,0
117,164.0625,7,107,0,0
117,187.5,7,104,0,0
117,189.0625,7,104,0,0
117,212.5,7,101,0,0
117,214.0625,7,100,0,0
117,237.5,7,100,0,0
117,239.0625,7,100,0,0
118,12.5,7,97,0,0
118,14.0625,7,99,0,0
118,37.5,7,96,0,0
118,39.0625,7,98,0,0
118,62.5,7,96,0,0
118,64.0625,7,98,0,0
118,87.5,7,150,0,0
118,89.0625,7,160,0,0
118,112.5,7,140,0,222
118,114.0625,7,137,0,136
118,137.5,7,117,0,0
118,139.0625,7,116,0,0
118,162.5,7,108,0,0
118,164.0625,7,108,0,0
118,187.5,7,105,0,0
118,189.0625,7,107,0,0
118,212.5,7,103,0,0
118,214.0625,7,104,0,0
118,237.5,7,101,0,0
118,239.0625,7,103,0,0
119,12.5,7,100,0,0
119,14.0625,7,100,0,0
119,37.5,7,103,0,0
119,39.0625,7,101,0,0
119,62.5,7,102,0,0
119,64.0625,7,100,0,0
119,87.5,7,156,0,0
119,89.0625,7,166,0,0
119,112.5,7,145,0,96
119,114.0625,7,141,0,11
119,137.5,7,120,0,0
119,139.0625,7,118,0,0
119,162.5,7,113,0,0
119,164.0625,7,114,0,0
119,187.5,7,110,0,0
119,189.0625,7,109,0,0
119,212.5,7,109,0,0
119,214.0625,7,108,0,0
119,237.5,7,105,0,0
119,239.0625,7,105,0,0
120,12.5,7,89,0,0
120,14.0625,7,90,0,0
120,37.5,7,89,0,0
120,39.0625,7,90,0,0
120,62.5,7,89,0,0
120,64.0625,7,89,0,0
120,87.5,7,152,0,0
120,89.0625,7,160,0,0
120,112.5,7,139,0,94
120,114.0625,7,136,0,15
120,137.5,7,111,0,0
120,139.0625,7,110,0,0
120,162.5,7,104,0,0
120,164.0625,7,101,0,0
120,187.5,7,98,0,0
120,189.0625,7,101,0,0
120,212.5,7,95,0,0
120,214.0625,7,97,0,0
120,237.5,7,95,0,0
120,239.0625,7,95,0,0
121,12.5,7,89,0,0
121,14.0625,7,90,0,0
121,37.5,7,90,0,0
121,39.0625,7,90,0,0
121,62.5,7,90,0,0
121,64.0625,7,90,0,0
121,87.5,7,145,0,0
121,89.0625,7,159,0,0
121,112.5,7,136,0,86
121,114.0625,7,133,0,11
121,137.5,7,111,0,0
121,139.0625,7,110,0,0
121,162.5,7,104,0,0
121,164.0625,7,104,0,0
121,187.5,7,100,0,0
121,189.0625,7,100,0,0
121,212.5,7,97,0,0
121,214.0625,7,98,0,0
121,237.5,7,97,0,0
121,239.0625,7,96,0,0
122,12.5,7,96,0,0
122,14.0625,7,95,0,0
122,37.5,7,96,0,0
122,39.0625,7,94,0,0
122,62.5,7,95,0,0
122,64.0625,7,95,0,0
122,87.5,7,148,0,0
122,89.0625,7,162,0,0
122,112.5,7,140,0,112
122,114.0625,7,136,0,16
122,137.5,7,113,0,0
122,139.0625,7,114,0,0
122,162.5,7,107,0,0
122,164.0625,7,108,0,0
122,187.5,7,104,0,0
122,189.0625,7,104,0,0
122,212.5,7,102,0,0
122,214.0625,7,104,0,0
122,237.5,7,101,0,0
122,239.0625,7,101,0,0
123,12.5,7,94,0,0
123,14.0625,7,95,0,0
123,37.5,7,95,0,0
123,39.0625,7,95,0,0
123,62.5,7,94,0,0
123,64.0625,7,94,0,0
123,87.5,7,168,0,0
123,89.0625,7,176,0,0
123,112.5,7,138,0,1011
123,114.0625,7,134,0,946
123,137.5,7,113,0,0
123,139.0625,7,113,0,0
123,162.5,7,107,0,0
123,164.0625,7,106,0,0
123,187.5,7,104,0,0
123,189.0625,7,104,0,0
123,212.5,7,101,0,0
123,214.0625,7,100,0,0
123,237.5,7,100,0,0
123,239.0625,7,101,0,0
124,12.5,7,98,0,0
124,14.0625,7,98,0,0
124,37.5,7,97,0,0
124,39.0625,7,97,0,0
124,62.5,7,98,0,0
124,64.0625,7,99,0,0
124,87.5,7,151,0,0
124,89.0625,7,158,0,0
124,112.5,7,140,0,68
124,114.0625,7,135,0,18
124,137.5,7,115,0,0
124,139.0625,7,115,0,0
124,162.5,7,109,0,0
124,164.0625,7,109,0,0
124,187.5,7,107,0,0
124,189.0625,7,106,0,0
124,212.5,7,105,0,0
124,214.0625,7,104,0,0
124,237.5,7,102,0,0
124,239.0625,7,103,0,0
125,12.5,7,101,0,0
125,14.0625,7,101,0,0
125,37.5,7,100,0,0
125,39.0625,7,101,0,0
125,62.5,7,100,0,0
125,64.0625,7,100,0,0
125,87.5,7,155,0,0
125,89.0625,7,166,0,0
125,112.5,7,145,0,98
125,114.0625,7,142,0,29
125,137.5,7,119,0,0
125,139.0625,7,118,0,0
125,162.5,7,111,0,0
125,164.0625,7,112,0,0
125,187.5,7,109,0,0
125,189.0625,7,109,0,0
125,212.5,7,106,0,0
125,214.0625,7,107,0,0
125,237.5,7,105,0,0
125,239.0625,7,107,0,0
126,12.5,7,94,0,0
126,14.0625,7,94,0,0
126,37.5,7,93,0,0
126,39.0625,7,93,0,0
126,62.5,7,92,0,0
126,64.0625,7,93,0,0
126,87.5,7,152,0,0
126,89.0625,7,161,0,0
126,112.5,7,140,0,88
126,114.0625,7,137,0,37
126,137.5,7,112,0,0
126,139.0625,7,114,0,0
126,162.5,7,105,0,0
126,164.0625,7,105,0,0
126,187.5,7,101,0,0
126,189.0625,7,101,0,0
126,212.5,7,101,0,0
126,214.0625,7,100,0,0
126,237.5,7,99,0,0
126,239.0625,7,100,0,0
127,12.5,7,101,0,0
127,14.0625,7,101,0,0
127,37.5,7,98,0,0
127,39.0625,7,98,0,0
127,62.5,7,99,0,0
127,64.0625,7,98,0,0
127,87.5,7,155,0,0
127,89.0625,7,164,0,0
127,112.5,7,144,0,77
127,114.0625,7,139,0,18
127,137.5,7,118,0,0
127,139.0625,7,117,0,0
127,162.5,7,110,0,0
127,164.0625,7,112,0,0
127,187.5,7,107,0,0
127,189.0625,7,108,0,0
127,212.5,7,106,0,0
127,214.0625,7,106,0,0
127,237.5,7,106,0,0
127,239.0625,7,104,0,0
128,12.5,7,98,0,0
128,14.0625,7,97,0,0
128,37.5,7,97,0,0
128,39.0625,7,98,0,0
128,62.5,7,98,0,0
128,64.0625,7,98,0,0
128,87.5,7,149,0,0
128,89.0625,7,160,0,0
128,112.5,7,139,0,90
128,114.0625,7,137,0,15
128,137.5,7,116,0,0
128,139.0625,7,115,0,0
128,162.5,7,110,0,0
128,164.0625,7,110,0,0
128,187.5,7,106,0,0
128,189.0625,7,106,0,0
128,212.5,7,105,0,0
128,214.0625,7,104,0,0
128,237.5,7,104,0,0
128,239.0625,7,101,0,0
129,12.5,7,108,0,0
129,14.0625,7,107,0,0
129,37.5,7,110,0,0
129,39.0625,7,108,0,0
129,62.5,7,109,0,0
129,64.0625,7,108,0,0
129,87.5,7,163,0,0
129,89.0625,7,174,0,0
129,112.5,7,153,0,69
129,114.0625,7,149,0,7
129,137.5,7,127,0,0
129,139.0625,7,127,0,0
129,162.5,7,122,0,0
129,164.0625,7,120,0,0
129,187.5,7,118,0,0
129,189.0625,7,116,0,0
129,212.5,7,115,0,0
129,214.0625,7,115,0,0
129,237.5,7,112,0,0
129,239.0625,7,112,0,0
130,12.5,7,93,0,0
130,14.0625,7,91,0,0
130,37.5,7,93,0,0
130,39.0625,7,93,0,0
130,62.5,7,92,0,0
130,64.0625,7,93,0,0
130,87.5,7,156,0,0
130,89.0625,7,162,0,0
130,112.5,7,140,0,89
130,114.0625,7,137,0,1005
130,137.5,7,112,0,0
130,139.0625,7,111,0,0
130,162.5,7,104,0,0
130,164.0625,7,105,0,0
130,187.5,7,102,0,0
130,189.0625,7,101,0,0
130,212.5,7,100,0,0
130,214.0625,7,100,0,0
130,237.5,7,95,0,0
130,239.0625,7,97,0,0
131,12.5,7,100,0,0
131,14.0625,7,101,0,0
131,37.5,7,101,0,0
131,39.0625,7,101,0,0
131,62.5,7,101,0,0
131,64.0625,7,101,0,0
131,87.5,7,152,0,0
131,89.0625,7,164,0,0
131,112.5,7,142,0,77
131,114.0625,7,138,0,14
131,137.5,7,120,0,0
131,139.0625,7,118,0,0
131,162.5,7,112,0,0
131,164.0625,7,111,0,0
131,187.5,7,110,0,0
131,189.0625,7,110,0,0
131,212.5,7,105,0,0
131,214.0625,7,107,0,0
131,237.5,7,105,0,0
131,239.0625,7,107,0,0
132,12.5,7,99,0,0
132,14.0625,7,98,0,0
132,37.5,7,100,0,0
132,39.0625,7,100,0,0
132,62.5,7,98,0,0
132,64.0625,7,99,0,0
132,87.5,7,169,0,0
132,89.0625,7,177,0,0
132,112.5,7,139,0,1008
132,114.0625,7,136,0,946
132,137.5,7,115,0,0
132,139.0625,7,114,0,0
132,162.5,7,108,0,0
132,164.0625,7,108,0,0
132,187.5,7,106,0,0
132,189.0625,7,106,0,0
132,212.5,7,105,0,0
132,214.0625,7,106,0,0
132,237.5,7,103,0,0
132,239.0625,7,104,0,0
133,12.5,7,102,0,0
133,14.0625,7,99,0,0
133,37.5,7,99,0,0
133,39.0625,7,98,0,0
133,62.5,7,99,0,0
133,64.0625,7,99,0,0
133,87.5,7,213,0,0
133,89.0625,7,225,0,0
133,112.5,7,150,0,5
133,114.0625,7,146,0,967
133,137.5,7,111,0,0
133,139.0625,7,110,0,0
133,162.5,7,102,0,0
133,164.0625,7,102,0,0
133,187.5,7,100,0,0
133,189.0625,7,100,0,0
133,212.5,7,98,0,0
133,214.0625,7,99,0,0
133,237.5,7,98,0,0
133,239.0625,7,98,0,0
134,12.5,7,94,0,0
134,14.0625,7,95,0,0
134,37.5,7,94,0,0
134,39.0625,7,95,0,0
134,62.5,7,95,0,0
134,64.0625,7,95,0,0
134,87.5,7,152,0,0
134,89.0625,7,163,0,0
134,112.5,7,141,0,76
134,114.0625,7,136,0,2
134,137.5,7,112,0,0
134,139.0625,7,114,0,0
134,162.5,7,106,0,0
134,164.0625,7,105,0,0
134,187.5,7,104,0,0
134,189.0625,7,103,0,0
134,212.5,7,101,0,0
134,214.0625,7,102,0,0
134,237.5,7,102,0,0
134,239.0625,7,101,0,0
135,12.5,7,95,0,0
135,14.0625,7,94,0,0
135,37.5,7,97,0,0
135,39.0625,7,95,0,0
135,62.5,7,95,0,0
135,64.0625,7,95,0,0
135,87.5,7,153,0,0
135,89.0625,7,163,0,0
135,112.5,7,138,0,64
135,114.0625,7,134,0,18
135,137.5,7,114,0,0
135,139.0625,7,113,0,0
135,162.5,7,105,0,0
135,164.0625,7,105,0,0
135,187.5,7,105,0,0
135,189.0625,7,102,0,0
135,212.5,7,101,0,0
135,214.0625,7,102,0,0
135,237.5,7,101,0,0
135,239.0625,7,101,0,0
136,12.5,7,98,0,0
136,14.0625,7,98,0,0
136,37.5,7,98,0,0
136,39.0625,7,100,0,0
136,62.5,7,99,0,0
136,64.0625,7,99,0,0
136,87.5,7,152,0,0
136,89.0625,7,164,0,0
136,112.5,7,141,0,88
136,114.0625,7,138,0,13
136,137.5,7,116,0,0
136,139.0625,7,117,0,0
136,162.5,7,110,0,0
136,164.0625,7,109,0,0
136,187.5,7,106,0,0
136,189.0625,7,107,0,0
136,212.5,7,104,0,0
136,214.0625,7,106,0,0
136,237.5,7,104,0,0
136,239.0625,7,102,0,0
137,12.5,7,98,0,0
137,14.0625,7,97,0,0
137,37.5,7,98,0,0
137,39.0625,7,98,0,0
137,62.5,7,98,0,0
137,64.0625,7,99,0,0
137,87.5,7,152,0,0
137,89.0625,7,165,0,0
137,112.5,7,140,0,71
137,114.0625,7,138,0,4
137,137.5,7,116,0,0
137,139.0625,7,114,0,0
137,162.5,7,108,0,0
137,164.0625,7,108,0,0
137,189.0625,7,107,0,0
137,212.5,7,102,0,0
137,214.0625,7,104,0,0
137,237.5,7,104,0,0
137,239.0625,7,103,0,0
138,12.5,7,100,0,0
138,14.0625,7,99,0,0
138,37.5,7,101,0,0
138,39.0625,7,100,0,0
138,62.5,7,101,0,0
138,64.0625,7,100,0,0
138,87.5,7,153,0,0
138,89.0625,7,162,0,0
138,112.5,7,142,0,91
138,114.0625,7,138,0,48
138,137.5,7,119,0,0
138,139.0625,7,117,0,0
138,162.5,7,114,0,0
138,164.0625,7,110,0,0
138,187.5,7,110,0,0
138,189.0625,7,106,0,0
138,212.5,7,108,0,0
138,214.0625,7,107,0,0
138,237.5,7,105,0,0
138,239.0625,7,106,0,0
139,12.5,7,94,0,0
139,14.0625,7,95,0,0
139,37.5,7,95,0,0
139,39.0625,7,95,0,0
139,62.5,7,95,0,0
139,64.0625,7,95,0,0
139,87.5,7,151,0,0
139,89.0625,7,162,0,0
139,112.5,7,139,0,93
139,114.0625,7,137,0,37
139,137.5,7,113,0,0
139,139.0625,7,113,0,0
139,162.5,7,107,0,0
139,164.0625,7,106,0,0
139,187.5,7,104,0,0
139,189.0625,7,104,0,0
139,212.5,7,103,0,0
139,214.0625,7,102,0,0
139,237.5,7,101,0,0
139,239.0625,7,100,0,0
140,12.5,7,99,0,0
140,14.0625,7,101,0,0
140,37.5,7,101,0,0
140,39.0625,7,101,0,0
140,62.5,7,100,0,0
140,64.0625,7,100,0,0
140,87.5,7,152,0,0
140,89.0625,7,162,0,0
140,112.5,7,140,0,86
140,114.0625,7,137,0,23
140,137.5,7,117,0,0
140,139.0625,7,117,0,0
140,162.5,7,110,0,0
140,164.0625,7,110,0,0
140,187.5,7,108,0,0
140,189.0625,7,109,0,0
140,212.5,7,109,0,0
140,214.0625,7,106,0,0
140,237.5,7,105,0,0
140,239.0625,7,106,0,0
141,12.5,7,100,0,0
141,14.0625,7,100,0,0
141,37.5,7,98,0,0
141,39.0625,7,101,0,0
141,62.5,7,101,0,0
141,64.0625,7,101,0,0
141,87.5,7,152,0,0
141,89.0625,7,163,0,0
141,112.5,7,140,0,118
141,114.0625,7,139,0,37
141,137.5,7,116,0,0
141,139.0625,7,117,0,0
141,162.5,7,111,0,0
141,164.0625,7,111,0,0
141,187.5,7,107,0,0
141,189.0625,7,109,0,0
141,212.5,7,106,0,0
141,214.0625,7,105,0,0
141,237.5,7,106,0,0
141,239.0625,7,105,0,0
142,12.5,7,99,0,0
142,14.0625,7,98,0,0
142,37.5,7,95,0,0
142,39.0625,7,98,0,0
142,62.5,7,95,0,0
142,64.0625,7,95,0,0
142,87.5,7,166,0,0
142,89.0625,7,175,0,0
142,112.5,7,140,0,1009
142,114.0625,7,137,0,946
142,137.5,7,115,0,0
142,139.0625,7,114,0,0
142,162.5,7,108,0,0
142,164.0625,7,108,0,0
142,187.5,7,106,0,0
142,189.0625,7,105,0,0
142,212.5,7,103,0,0
142,214.0625,7,102,0,0
142,237.5,7,102,0,0
142,239.0625,7,103,0,0
143,12.5,7,95,0,0
143,14.0625,7,95,0,0
143,37.5,7,97,0,0
143,39.0625,7,95,0,0
143,62.5,7,95,0,0
143,64.0625,7,95,0,0
143,87.5,7,151,0,0
143,89.0625,7,163,0,0
143,112.5,7,140,0,110
143,114.0625,7,137,0,40
143,137.5,7,114,0,0
143,139.0625,7,116,0,0
143,162.5,7,108,0,0
143,164.0625,7,108,0,0
143,187.5,7,104,0,0
143,189.0625,7,106,0,0
143,212.5,7,103,0,0
143,214.0625,7,104,0,0
143,237.5,7,101,0,0
143,239.0625,7,101,0,0
144,12.5,7,95,0,0
144,14.0625,7,97,0,0
144,37.5,7,97,0,0
144,39.0625,7,97,0,0
144,62.5,7,97,0,0
144,64.0625,7,97,0,0
144,87.5,7,153,0,0
144,89.0625,7,165,0,0
144,112.5,7,142,0,71
144,114.0625,7,138,0,1018
144,137.5,7,116,0,0
144,139.0625,7,113,0,0
144,162.5,7,109,0,0
144,164.0625,7,107,0,0
144,187.5,7,105,0,0
144,189.0625,7,105,0,0
144,212.5,7,104,0,0
144,214.0625,7,102,0,0
144,237.5,7,103,0,0
144,239.0625,7,102,0,0
145,12.5,7,99,0,0
145,14.0625,7,99,0,0
145,37.5,7,99,0,0
145,39.0625,7,98,0,0
145,62.5,7,99,0,0
145,64.0625,7,98,0,0
145,87.5,7,153,0,0
145,89.0625,7,162,0,0
145,112.5,7,142,0,90
145,114.0625,7,138,0,35
145,137.5,7,114,0,0
145,139.0625,7,116,0,0
145,162.5,7,111,0,0
145,164.0625,7,109,0,0
145,187.5,7,106,0,0
145,189.0625,7,105,0,0
145,212.5,7,105,0,0
145,214.0625,7,106,0,0
145,237.5,7,104,0,0
145,239.0625,7,103,0,0
146,12.5,7,100,0,0
146,14.0625,7,101,0,0
146,37.5,7,101,0,0
146,39.0625,7,100,0,0
146,62.5,7,100,0,0
146,64.0625,7,100,0,0
146,87.5,7,154,0,0
146,89.0625,7,164,0,0
146,112.5,7,140,0,67
146,114.0625,7,139,0,1
146,137.5,7,117,0,0
146,139.0625,7,116,0,0
146,162.5,7,111,0,0
146,164.0625,7,111,0,0
146,187.5,7,109,0,0
146,189.0625,7,108,0,0
146,212.5,7,105,0,0
146,214.0625,7,107,0,0
146,237.5,7,105,0,0
146,239.0625,7,105,0,0
147,12.5,7,97,0,0
147,14.0625,7,97,0,0
147,37.5,7,97,0,0
147,39.0625,7,95,0,0
147,62.5,7,97,0,0
147,64.0625,7,95,0,0
147,87.5,7,153,0,0
147,89.0625,7,161,0,0
147,112.5,7,140,0,96
147,114.0625,7,136,0,11
147,137.5,7,116,0,0
147,139.0625,7,115,0,0
147,162.5,7,106,0,0
147,164.0625,7,109,0,0
147,187.5,7,105,0,0
147,189.0625,7,106,0,0
147,212.5,7,103,0,0
147,214.0625,7,104,0,0
147,237.5,7,102,0,0
147,239.0625,7,101,0,0
148,12.5,7,102,0,0
148,14.0625,7,102,0,0
148,37.5,7,102,0,0
148,39.0625,7,101,0,0
148,62.5,7,102,0,0
148,64.0625,7,101,0,0
148,87.5,7,153,0,0
148,89.0625,7,165,0,0
148,112.5,7,143,0,0
148,114.0625,7,141,0,0
148,137.5,7,119,0,0
148,139.0625,7,119,0,0
148,162.5,7,112,0,0
148,164.0625,7,111,0,0
148,187.5,7,110,0,0
148,189.0625,7,110,0,0
148,212.5,7,107,0,0
148,214.0625,7,108,0,0
148,237.5,7,106,0,0
148,239.0625,7,108,0,0
149,12.5,7,86,0,0
149,14.0625,7,85,0,0
149,37.5,7,86,0,0
149,39.0625,7,87,0,0
149,62.5,7,85,0,0
149,64.0625,7,85,0,0
149,87.5,7,137,0,0
149,89.0625,7,148,0,0
149,112.5,7,125,0,111
149,114.0625,7,123,0,30
149,137.5,7,104,0,0
149,139.0625,7,102,0,0
149,162.5,7,95,0,0
149,164.0625,7,95,0,0
149,187.5,7,93,0,0
149,189.0625,7,93,0,0
149,212.5,7,91,0,0
149,214.0625,7,91,0,0
149,237.5,7,92,0,0
149,239.0625,7,90,0,0
150,12.5,7,99,0,0
150,14.0625,7,99,0,0
150,37.5,7,100,0,0
150,39.0625,7,98,0,0
150,62.5,7,99,0,0
150,64.0625,7,98,0,0
150,87.5,7,153,0,0
150,89.0625,7,165,0,0
150,112.5,7,141,0,74
150,114.0625,7,137,0,1022
150,137.5,7,117,0,0
150,139.0625,7,115,0,0
150,162.5,7,110,0,0
150,164.0625,7,109,0,0
150,187.5,7,107,0,0
150,189.0625,7,106,0,0
150,212.5,7,105,0,0
150,214.0625,7,104,0,0
150,237.5,7,104,0,0
150,239.0625,7,104,0,0
